 Name,Image,Short Description,Destination,Trip Start Date,Trip End Date,Travel Details,User is Going,vedio,Created,Updated
4-Day All Inclusive Cancun Vacation,"{'url':'310212092066de602e5f2f5241173fc81c47f836c5355fd8600735ab73a4e74c.jpg','size':503656,'width':1920,'height':1440,'filename':'moon-TGlPcB_dDPU-unsplash.jpg'}","This 3-Day vacation from Great Value Vacations places patrons right in the heart of Hawaii in Waikiki Beach, Honolulu. During their stay, they are provided with modern accommodations at Wayfinder Waikiki with outdoor pools and on-site dining.","Cancun, Mexico",2023-05-26,2023-06-02,"Cancun, a renowned vacation destination on the Yucatan Peninsula in Mexico, offers visitors stunning beaches, vibrant nightlife, and a rich cultural experience. Before embarking on your journey to this tropical paradise, it's essential to consider some crucial travel details to make the most of your trip.

Best Time to Visit: The ideal time to visit Cancun is from December to April, when the weather is warm and dry, with average temperatures ranging from 75°F to 85°F (24°C to 29°C). During this peak season, expect larger crowds and higher prices. 

Currency: The official currency in Cancun is the Mexican Peso (MXN). While US dollars are widely accepted, using local currency often results in better exchange rates. 

Language: Spanish is the official language in Cancun, but English is widely spoken in tourist areas. Learning a few basic phrases in Spanish can be helpful and appreciated by the locals.

Safety: Cancun is generally considered a safe destination for tourists.",TRUE,https://www.youtube.com/embed/5vcoBlydyTk?si=r2lmU7uDnpewEKJt,2023-04-18T20:49:04.099Z,2024-03-24T05:30:29.440Z
Oceanfront Resort and Waterpark,"{'url':'bd229d92a0e4480ffc13421a35539ea9a3994f09505af0bb94dfdec150616c03.jpg','size':1035013,'width':1920,'height':1440,'filename':'dayana-brooke-dZbBlss3FyE-unsplash.jpg'}","There are plenty of places to swim at this family-friendly resort. Guests can wade into the Caribbean Sea or opt for a salt-free splash in one of the freeform outdoor pools. At the water park, kids zip down slides and climb the brightly colored treehouse, featuring four waterfalls and a tumbling bucket of water that spills at regular intervals.","Cancun, Mexico",2023-07-21,2023-07-26,"Cancun, a renowned vacation destination on the Yucatan Peninsula in Mexico, offers visitors stunning beaches, vibrant nightlife, and a rich cultural experience. Before embarking on your journey to this tropical paradise, it's essential to consider some crucial travel details to make the most of your trip.

Best Time to Visit: The ideal time to visit Cancun is from December to April, when the weather is warm and dry, with average temperatures ranging from 75°F to 85°F (24°C to 29°C). During this peak season, expect larger crowds and higher prices. 

Currency: The official currency in Cancun is the Mexican Peso (MXN). While US dollars are widely accepted, using local currency often results in better exchange rates. 

Language: Spanish is the official language in Cancun, but English is widely spoken in tourist areas. Learning a few basic phrases in Spanish can be helpful and appreciated by the locals.

Safety: Cancun is generally considered a safe destination for tourists.",TRUE,https://www.youtube.com/embed/5vcoBlydyTk?si=r2lmU7uDnpewEKJt,2023-04-18T20:49:04.089Z,2024-03-24T05:30:44.969Z
All Inclusive Private Beach Resort,"{'url':'e4904ec775da13f697715cba302fbe88f212f14cffc861c220e5aa29a223aaba.jpg','size':739318,'width':1920,'height':1279,'filename':'carlos-huchim-BhoSgvRMOlQ-unsplash.jpg'}","To the east of Omni Cancún Hotel & Villas, there's a freshwater lagoon; to the west, the Caribbean Sea. Many of the activities at this all-inclusive resort are centered around the clear water: you can snorkel, play a game of beach volleyball by the shores, or spread your towel on the sand underneath a thatched palapa.","Cancun, Mexico",2023-10-16,2023-10-20,"Cancun, a renowned vacation destination on the Yucatan Peninsula in Mexico, offers visitors stunning beaches, vibrant nightlife, and a rich cultural experience. Before embarking on your journey to this tropical paradise, it's essential to consider some crucial travel details to make the most of your trip.

Best Time to Visit: The ideal time to visit Cancun is from December to April, when the weather is warm and dry, with average temperatures ranging from 75°F to 85°F (24°C to 29°C). During this peak season, expect larger crowds and higher prices. 

Currency: The official currency in Cancun is the Mexican Peso (MXN). While US dollars are widely accepted, using local currency often results in better exchange rates. 

Language: Spanish is the official language in Cancun, but English is widely spoken in tourist areas. Learning a few basic phrases in Spanish can be helpful and appreciated by the locals.

Safety: Cancun is generally considered a safe destination for tourists.",TRUE,https://www.youtube.com/embed/5vcoBlydyTk?si=r2lmU7uDnpewEKJt,2023-04-18T20:49:04.076Z,2024-03-24T05:31:07.368Z
Barcelona Art & Architecture Tour,"{'url':'b17da761ca23a3eaefcbacdf63f604448c7b6cf2292ca85764135efdad1e89e5.jpg','size':627906,'width':1920,'height':1175,'filename':'kristijan-arsov-1ONaCadiOqY-unsplash.jpg'}","Discover the artistic and architectural wonders of Barcelona on this immersive tour. Visit iconic landmarks such as Gaudi's Sagrada Familia, Park Güell, and Casa Batlló. Explore the Gothic Quarter, stroll along the famous La Rambla, and admire the stunning Barcelona Cathedral. 

Along the way, learn about the city's rich history and artistic heritage, from Roman times to the Modernisme movement, and enjoy local gastronomy at bustling markets and traditional tapas bars.","Barcelona, Spain",2023-06-15,2023-06-29,"Barcelona, the cosmopolitan capital of Spain's Catalonia region, is a vibrant city known for its rich history, stunning architecture, and delicious cuisine. Before embarking on your journey to this enchanting destination, consider these essential travel details to ensure a smooth and enjoyable trip.

1. Best Time to Visit: The ideal time to visit Barcelona is from April to June and September to October, when the weather is pleasant and mild, with average temperatures ranging from 60°F to 75°F (16°C to 24°C). The summer months of July and August can be crowded and hot, while winter offers cooler temperatures and fewer tourists.

2. Currency: The official currency in Barcelona is the Euro (EUR). ATMs are widely available, and most establishments accept major credit cards. It's advisable to carry some cash for small purchases, tips, and transportation.
3. Language: The primary languages spoken in Barcelona are Spanish and Catalan. Although English is widely spoken in tourist areas, learning a few basic phrases in Spanish or Catalan can be helpful and appreciated by the locals.

4. Safety: Barcelona is generally considered a safe destination for tourists. ",TRUE,https://www.youtube.com/embed/KJ-_LUrGhYE?si=iTi-HrTnXXkT22bV,2023-04-18T20:49:04.066Z,2024-03-24T05:38:45.560Z
Culture & History Exploration,"{'url':'ea93485525d22a3503802cf1a7e4b45e12445f36428e849c047e0c577bcd1e36.jpg','size':2274608,'width':4780,'height':3187,'filename':'florian-wehde-WBGjg0DsO_g-unsplash.jpg'}","Delve into Barcelona's rich cultural and historical tapestry on this enlightening vacation. Visit world-class museums like the Picasso Museum, the National Art Museum of Catalonia, and the Barcelona Museum of Contemporary Art. Explore historical sites, including the ancient Roman ruins at the Barcelona History Museum and the impressive Montjuïc Castle. 

Immerse yourself in the city's unique Catalan culture with visits to local markets, traditional workshops, and flamenco performances.","Barcelona, Spain",2024-01-16,2024-01-26,"Barcelona, the cosmopolitan capital of Spain's Catalonia region, is a vibrant city known for its rich history, stunning architecture, and delicious cuisine. Before embarking on your journey to this enchanting destination, consider these essential travel details to ensure a smooth and enjoyable trip.

1. Best Time to Visit: The ideal time to visit Barcelona is from April to June and September to October, when the weather is pleasant and mild, with average temperatures ranging from 60°F to 75°F (16°C to 24°C). The summer months of July and August can be crowded and hot, while winter offers cooler temperatures and fewer tourists.

2. Currency: The official currency in Barcelona is the Euro (EUR). ATMs are widely available, and most establishments accept major credit cards. It's advisable to carry some cash for small purchases, tips, and transportation.
3. Language: The primary languages spoken in Barcelona are Spanish and Catalan. Although English is widely spoken in tourist areas, learning a few basic phrases in Spanish or Catalan can be helpful and appreciated by the locals.

4. Safety: Barcelona is generally considered a safe destination for tourists. ",TRUE,https://www.youtube.com/embed/KJ-_LUrGhYE?si=iTi-HrTnXXkT22bV,2023-04-18T20:49:04.055Z,2024-03-24T05:38:56.292Z
Food & Wine Getaway,"{'url':'1f46d8cf2a9ad6b0e8fcef12e5a43739784dab9db4ddb6e7c1f1121c7945e76e.jpg','size':1562102,'width':5657,'height':3771,'filename':'dennis-schmidt-qO0Ll8cEc8M-unsplash.jpg'}","Embark on a culinary adventure in Barcelona, exploring the city's diverse food and wine scene. Join guided tapas tours through the bustling El Raval and El Born neighborhoods, sampling traditional dishes like patatas bravas, jamón ibérico, and pan con tomate. Attend a Spanish cooking class to learn how to prepare authentic paella or visit the famous La Boqueria market for a taste of fresh local produce. 

Complete your gastronomic journey with a wine tasting tour to the nearby Penedès wine region, savoring the flavors of Spain's renowned sparkling wine, cava.","Barcelona, Spain",2023-08-26,2023-08-17,"Barcelona, the cosmopolitan capital of Spain's Catalonia region, is a vibrant city known for its rich history, stunning architecture, and delicious cuisine. Before embarking on your journey to this enchanting destination, consider these essential travel details to ensure a smooth and enjoyable trip.

1. Best Time to Visit: The ideal time to visit Barcelona is from April to June and September to October, when the weather is pleasant and mild, with average temperatures ranging from 60°F to 75°F (16°C to 24°C). The summer months of July and August can be crowded and hot, while winter offers cooler temperatures and fewer tourists.

2. Currency: The official currency in Barcelona is the Euro (EUR). ATMs are widely available, and most establishments accept major credit cards. It's advisable to carry some cash for small purchases, tips, and transportation.
3. Language: The primary languages spoken in Barcelona are Spanish and Catalan. Although English is widely spoken in tourist areas, learning a few basic phrases in Spanish or Catalan can be helpful and appreciated by the locals.

4. Safety: Barcelona is generally considered a safe destination for tourists. ",TRUE,https://www.youtube.com/embed/KJ-_LUrGhYE?si=iTi-HrTnXXkT22bV,2023-04-18T20:49:04.041Z,2024-03-24T05:39:10.761Z
Nature & Adventure Getaway,"{'url':'3e67cac9456ea1ec1dce2147883b757d018b8c963187da3292c5b8d6264536ce.jpg','size':727135,'width':1920,'height':1280,'filename':'kylefromthenorth-hzR9rDXWbqo-unsplash (1).jpg'}","Experience Cape Town's breathtaking natural beauty and outdoor adventures on this exhilarating trip. Begin by ascending Table Mountain, either by hiking or taking the cable car, for panoramic city and ocean views. Explore the rugged coastline of the Cape Peninsula, visiting the Cape of Good Hope and the picturesque Boulders Beach, home to a colony of African penguins. 

Embark on scenic drives, like the iconic Chapman's Peak Drive, and hike through the beautiful Kirstenbosch Botanical Gardens. Complete your adventure by cage diving with great white sharks in Gansbaai or paragliding from Signal Hill.","Cape Town, South Africa",2024-02-14,2024-02-24,"Cape Town, a vibrant coastal city located on the southwestern tip of South Africa, is known for its stunning natural beauty, rich cultural history, and lively atmosphere. Before embarking on your journey to this captivating destination, consider these essential travel details to ensure a smooth and memorable experience.

1. Best Time to Visit: The ideal time to visit Cape Town is from October to April, during the warm and dry summer months. December and January are the peak tourist seasons, offering sunny days and comfortable temperatures ranging from 60°F to 80°F (16°C to 27°C). 

2. Currency: The official currency in Cape Town is the South African Rand (ZAR). ATMs are widely available, and most establishments accept major credit cards. It's advisable to carry some cash for small purchases, tips, and transportation.

3. Language: English is widely spoken in Cape Town, along with Afrikaans and Xhosa. While English is generally understood in tourist areas, learning a few basic phrases in Afrikaans or Xhosa can be helpful and appreciated by the locals.

4. Safety: While Cape Town is a popular tourist destination, it's essential to remain vigilant and take standard safety precautions. Be cautious with your belongings, avoid displaying expensive items, and stay in well-populated areas, particularly at night. ",TRUE,https://www.youtube.com/embed/ghdAW41b-2c?si=u1MOBmUTPN1eRTBK,2023-04-18T20:49:04.030Z,2024-03-24T05:40:38.790Z
Cape Town Cultural & Historic Journey,"{'url':'f7f72f74c92707137d9cc44fadb8804852f6aed8b1661695b4ec111ea8e3b678.jpg','size':709572,'width':1920,'height':1441,'filename':'matthias-mullie-9MUGYaENbHM-unsplash (1).jpg'}","Delve into Cape Town's rich history and vibrant culture on this immersive vacation. Visit the historic Robben Island, where Nelson Mandela was imprisoned, and learn about South Africa's apartheid history at the District Six Museum. Stroll through the colorful streets of Bo-Kaap, a neighborhood known for its Cape Malay culture, and visit the bustling V&A Waterfront for shopping and entertainment. 

Sample local cuisine at the city's diverse markets and restaurants, and explore the nearby Cape Winelands region to taste world-class wines amidst stunning vineyards.","Cape Town, South Africa",2023-09-18,2023-09-22,"Cape Town, a vibrant coastal city located on the southwestern tip of South Africa, is known for its stunning natural beauty, rich cultural history, and lively atmosphere. Before embarking on your journey to this captivating destination, consider these essential travel details to ensure a smooth and memorable experience.

1. Best Time to Visit: The ideal time to visit Cape Town is from October to April, during the warm and dry summer months. December and January are the peak tourist seasons, offering sunny days and comfortable temperatures ranging from 60°F to 80°F (16°C to 27°C). 

2. Currency: The official currency in Cape Town is the South African Rand (ZAR). ATMs are widely available, and most establishments accept major credit cards. It's advisable to carry some cash for small purchases, tips, and transportation.

3. Language: English is widely spoken in Cape Town, along with Afrikaans and Xhosa. While English is generally understood in tourist areas, learning a few basic phrases in Afrikaans or Xhosa can be helpful and appreciated by the locals.

4. Safety: While Cape Town is a popular tourist destination, it's essential to remain vigilant and take standard safety precautions. Be cautious with your belongings, avoid displaying expensive items, and stay in well-populated areas, particularly at night. ",TRUE,https://www.youtube.com/embed/ghdAW41b-2c?si=u1MOBmUTPN1eRTBK,2023-04-18T20:49:04.014Z,2024-03-24T05:40:55.855Z
"Beaches, Leisure, and Food","{'url':'efa8e15fef154aa864478901a7a0c098ca9021e1e4e3031179d62a4ed874fc57.jpg','size':420707,'width':1920,'height':1280,'filename':'casey-allen-UjpEGHu8uNU-unsplash (1).jpg'}","Unwind and soak up the sun on Cape Town's picturesque beaches during this relaxing vacation. Spend leisurely days lounging on the sands of popular spots like Camps Bay, Clifton, and Llandudno. For the adventurous, try out water sports such as surfing, kiteboarding, or stand-up paddleboarding at Muizenberg or Bloubergstrand. 

Indulge in fresh seafood at oceanfront restaurants, and enjoy sundowners at trendy beach bars while watching the spectacular sunsets. Complete your beach escape with a visit to the serene Noordhoek Beach, perfect for a peaceful walk or horseback ride.","Cape Town, South Africa",2023-11-20,2023-11-25,"Cape Town, a vibrant coastal city located on the southwestern tip of South Africa, is known for its stunning natural beauty, rich cultural history, and lively atmosphere. Before embarking on your journey to this captivating destination, consider these essential travel details to ensure a smooth and memorable experience.

1. Best Time to Visit: The ideal time to visit Cape Town is from October to April, during the warm and dry summer months. December and January are the peak tourist seasons, offering sunny days and comfortable temperatures ranging from 60°F to 80°F (16°C to 27°C). 

2. Currency: The official currency in Cape Town is the South African Rand (ZAR). ATMs are widely available, and most establishments accept major credit cards. It's advisable to carry some cash for small purchases, tips, and transportation.

3. Language: English is widely spoken in Cape Town, along with Afrikaans and Xhosa. While English is generally understood in tourist areas, learning a few basic phrases in Afrikaans or Xhosa can be helpful and appreciated by the locals.

4. Safety: While Cape Town is a popular tourist destination, it's essential to remain vigilant and take standard safety precautions. Be cautious with your belongings, avoid displaying expensive items, and stay in well-populated areas, particularly at night. ",TRUE,https://www.youtube.com/embed/ghdAW41b-2c?si=u1MOBmUTPN1eRTBK,2023-04-18T20:49:04.003Z,2024-03-24T05:41:09.272Z
Romantic Getaway in Paris,"{'url':'648fc55aa36535363d4546e7b9d2311f4af77579fee227f8ef5a99d885751c36.jpg','size':239453,'width':1920,'height':1279,'filename':'stephen-leonardi--UWtb-3v6jQ-unsplash.jpg'}","Experience the City of Love with your significant other on this romantic escape to Paris. Stroll hand-in-hand along the picturesque Seine River, marvel at the Eiffel Tower's glittering lights during the nightly show, and share a bottle of wine at a cozy Montmartre café. Visit iconic landmarks such as the Louvre Museum and Notre-Dame Cathedral, and explore charming neighborhoods like Le Marais. 

Complete your unforgettable getaway with a romantic dinner at a traditional French bistro, followed by a mesmerizing cabaret show at the famous Moulin Rouge.","Paris, France",2023-10-19,2023-10-30,"Paris, the enchanting City of Light, is a must-visit destination for travelers worldwide. Before embarking on your journey to this captivating city, here are some important travel details to ensure a seamless experience:

1. Passport & Visa: Ensure that your passport is valid for at least three months beyond your planned departure date. Citizens of many countries can visit France for short stays (up to 90 days) without a visa, but it's crucial to verify your country's specific requirements beforehand. 

2. Best Time to Visit: Paris is a year-round destination, but the optimal time to visit is during the shoulder seasons (April to June and September to October) when the weather is pleasant, and tourist crowds are thinner. 

3. Currency: The currency used in France is the Euro (€). Credit cards are widely accepted, but it's essential to carry some cash for smaller establishments or emergencies. 

4. Language: French is the official language. While many Parisians speak English, learning basic French phrases can enhance your experience and show respect for the local culture.

5. Transportation: Paris boasts an efficient and extensive public transportation system, including the Métro, buses, and RER trains. 

6. Safety: Paris is generally safe, but, as in any major city, it's essential to remain vigilant and aware of your surroundings.",TRUE,https://www.youtube.com/embed/EkshFcLESPU?si=i79lgVPIL8FMmQ8t,2023-04-18T20:49:03.991Z,2024-03-24T05:42:32.289Z
Parisian Art & Culture Immersion,"{'url':'efdb0d8f33fe7996fe6d0e11a3f9f8f25411a9e16b7db84c24f0b0add401e7c4.jpg','size':567931,'width':1920,'height':1280,'filename':'john-towner-UO02gAW3c0c-unsplash.jpg'}","Immerse yourself in the rich art and culture of Paris on this enlightening vacation. Explore world-renowned museums, including the Louvre, the Musée d'Orsay, and the Centre Pompidou. Discover hidden gems like the Musée de Montmartre and the Rodin Museum. Attend captivating performances at the Opéra Garnier and the Théâtre de la Ville. 

Stroll through the artistic quarters of Montmartre and Saint-Germain-des-Prés, where you can visit historic galleries, independent bookstores, and local artisan shops. Round off your cultural experience by tasting Parisian culinary delights at bustling food markets and acclaimed restaurants.","Paris, France",2024-05-20,2024-05-25,"Paris, the enchanting City of Light, is a must-visit destination for travelers worldwide. Before embarking on your journey to this captivating city, here are some important travel details to ensure a seamless experience:

1. Passport & Visa: Ensure that your passport is valid for at least three months beyond your planned departure date. Citizens of many countries can visit France for short stays (up to 90 days) without a visa, but it's crucial to verify your country's specific requirements beforehand. 

2. Best Time to Visit: Paris is a year-round destination, but the optimal time to visit is during the shoulder seasons (April to June and September to October) when the weather is pleasant, and tourist crowds are thinner. 

3. Currency: The currency used in France is the Euro (€). Credit cards are widely accepted, but it's essential to carry some cash for smaller establishments or emergencies. 

4. Language: French is the official language. While many Parisians speak English, learning basic French phrases can enhance your experience and show respect for the local culture.

5. Transportation: Paris boasts an efficient and extensive public transportation system, including the Métro, buses, and RER trains. 

6. Safety: Paris is generally safe, but, as in any major city, it's essential to remain vigilant and aware of your surroundings.",TRUE,https://www.youtube.com/embed/EkshFcLESPU?si=i79lgVPIL8FMmQ8t,2023-04-18T20:49:03.939Z,2024-03-24T05:42:56.709Z
Family Adventure in Paris,"{'url':'19fd708468807a054e1fef27fc5fa3bc1e2db9220f6d7d18cd38a80df5ca5741.jpg','size':391985,'width':1920,'height':1282,'filename':'mika-baumeister-9_PLAFbXois-unsplash (1).jpg'}","Create unforgettable memories with your family on this fun-filled Parisian adventure. Discover the city's top attractions, including the Eiffel Tower, Louvre Museum, and Notre-Dame Cathedral, with engaging and interactive tours tailored for children. Enjoy the excitement of Disneyland Paris, just a short train ride away, and explore the fascinating Cité des Sciences et de l'Industrie, a cutting-edge science museum. 

Spend an afternoon in the enchanting Luxembourg Gardens, complete with playgrounds, puppet shows, and carousel rides. Savor scrumptious treats at local patisseries and crêperies, making your family vacation to Paris a delightful experience for all ages.","Paris, France",2024-01-22,2024-02-03,"Paris, the enchanting City of Light, is a must-visit destination for travelers worldwide. Before embarking on your journey to this captivating city, here are some important travel details to ensure a seamless experience:

1. Passport & Visa: Ensure that your passport is valid for at least three months beyond your planned departure date. Citizens of many countries can visit France for short stays (up to 90 days) without a visa, but it's crucial to verify your country's specific requirements beforehand. 

2. Best Time to Visit: Paris is a year-round destination, but the optimal time to visit is during the shoulder seasons (April to June and September to October) when the weather is pleasant, and tourist crowds are thinner. 

3. Currency: The currency used in France is the Euro (€). Credit cards are widely accepted, but it's essential to carry some cash for smaller establishments or emergencies. 

4. Language: French is the official language. While many Parisians speak English, learning basic French phrases can enhance your experience and show respect for the local culture.

5. Transportation: Paris boasts an efficient and extensive public transportation system, including the Métro, buses, and RER trains. 

6. Safety: Paris is generally safe, but, as in any major city, it's essential to remain vigilant and aware of your surroundings.",TRUE,https://www.youtube.com/embed/EkshFcLESPU?si=i79lgVPIL8FMmQ8t,2023-04-18T20:49:03.889Z,2024-03-24T05:43:19.921Z
Ancient Rome Exploration,"{'url':'fa37ce1b75bb65fb1cd36347309a07c7397e8bf62fe9fbe02df60ceddcefcad9.jpg','size':512346,'width':1920,'height':1272,'filename':'chris-czermak-7ybKmhDTcz0-unsplash.jpg'}","Step back in time on this immersive journey into the heart of ancient Rome. Explore iconic landmarks like the Colosseum, Roman Forum, and Palatine Hill, uncovering the secrets of the once-great empire. Wander through the historic streets of the Trastevere neighborhood and visit lesser-known sites like the Baths of Caracalla and the Appian Way. 

Complete your time-travel experience with a day trip to the ruins of Ostia Antica, Rome's ancient port city, and the preserved archaeological site of Pompeii, offering a fascinating glimpse into the daily life of ancient Romans.","Rome, Italy",2023-09-18,2023-09-22,"The Eternal City, Rome, is a treasure trove of history, culture, and world-famous cuisine. To make the most of your Roman adventure, here are some important travel details to keep in mind:

1. Passport & Visa: Ensure your passport is valid for at least six months beyond your planned departure date. Citizens of many countries can enter Italy for short stays (up to 90 days) without a visa, but it's essential to verify your country's specific requirements beforehand. 

2. Best Time to Visit: Rome is a year-round destination, but the optimal time to visit is during the shoulder seasons (April to June and September to October), when the weather is mild, and tourist crowds are thinner. 

3. Currency: Italy uses the Euro (€) as its currency. Credit cards are widely accepted, but it's essential to carry some cash for smaller establishments, street vendors, or emergencies. 

4. Language: Italian is the official language. While many Romans speak English, learning basic Italian phrases can enhance your experience and show respect for the local culture. 

5. Transportation: Rome's public transportation system includes buses, trams, and the metro. Purchasing a Roma Pass or a BIT ticket provides access to unlimited travel within specified zones. 

6. Safety: Rome is generally safe, but, as in any major city, it's essential to remain vigilant and aware of your surroundings.",FALSE,https://www.youtube.com/embed/GyV_0prNVVc?si=oWURvRe4WzdA_Oko,2023-04-18T20:49:03.877Z,2024-03-24T05:44:46.045Z
Rome's Art & Architecture Odyssey,"{'url':'2dc94c2cc91a56ef34c5ebfd522a7c2aa8c37f14138ac9221880ab1f64af7109.jpg','size':725416,'width':1920,'height':1280,'filename':'michele-bitetto-2y6ojwauKJI-unsplash.jpg'}","Immerse yourself in Rome's artistic and architectural masterpieces on this inspiring vacation. Marvel at the breathtaking frescoes in the Vatican Museums, including the Sistine Chapel, and explore the majestic St. Peter's Basilica. Visit other awe-inspiring churches, such as the Basilica of Santa Maria Maggiore, the Pantheon, and the Church of San Luigi dei Francesi, home to Caravaggio's masterpieces. 

Discover Rome's contemporary art scene at the MAXXI museum and visit the stunning Galleria Borghese. Wander through picturesque piazzas like Piazza Navona and Piazza di Spagna, admiring the city's iconic fountains and elegant architecture.","Rome, Italy",2023-12-04,2023-12-15,"The Eternal City, Rome, is a treasure trove of history, culture, and world-famous cuisine. To make the most of your Roman adventure, here are some important travel details to keep in mind:

1. Passport & Visa: Ensure your passport is valid for at least six months beyond your planned departure date. Citizens of many countries can enter Italy for short stays (up to 90 days) without a visa, but it's essential to verify your country's specific requirements beforehand. 

2. Best Time to Visit: Rome is a year-round destination, but the optimal time to visit is during the shoulder seasons (April to June and September to October), when the weather is mild, and tourist crowds are thinner. 

3. Currency: Italy uses the Euro (€) as its currency. Credit cards are widely accepted, but it's essential to carry some cash for smaller establishments, street vendors, or emergencies. 

4. Language: Italian is the official language. While many Romans speak English, learning basic Italian phrases can enhance your experience and show respect for the local culture. 

5. Transportation: Rome's public transportation system includes buses, trams, and the metro. Purchasing a Roma Pass or a BIT ticket provides access to unlimited travel within specified zones. 

6. Safety: Rome is generally safe, but, as in any major city, it's essential to remain vigilant and aware of your surroundings.",FALSE,https://www.youtube.com/embed/GyV_0prNVVc?si=oWURvRe4WzdA_Oko,2023-04-18T20:49:03.866Z,2024-03-24T05:45:00.976Z
Rome's Culinary Adventure,"{'url':'4a51627b2ac2bc6a12e67f18cb73b4c6cd409a6dabca6b146f748465b5a99526.jpg','size':447284,'width':1920,'height':1280,'filename':'josh-hild-v4LQkXJPK0o-unsplash (1).jpg'}","Embark on a gastronomic journey through the Eternal City on this culinary-themed vacation. Indulge in Rome's authentic cuisine, from classic pasta dishes like cacio e pepe and carbonara to mouthwatering gelato and tiramisu. Discover local food markets, such as Campo de' Fiori and Testaccio Market, where you can sample regional delicacies and fresh produce. 

Participate in a hands-on cooking class, learning to create traditional Italian dishes from expert chefs. Complete your Roman culinary experience with wine tastings at nearby vineyards in the Frascati or Castelli Romani regions, and dine at both rustic trattorias and Michelin-starred restaurants, savoring the flavors of Italy.","Rome, Italy",2024-03-17,2024-03-27,"The Eternal City, Rome, is a treasure trove of history, culture, and world-famous cuisine. To make the most of your Roman adventure, here are some important travel details to keep in mind:

1. Passport & Visa: Ensure your passport is valid for at least six months beyond your planned departure date. Citizens of many countries can enter Italy for short stays (up to 90 days) without a visa, but it's essential to verify your country's specific requirements beforehand. 

2. Best Time to Visit: Rome is a year-round destination, but the optimal time to visit is during the shoulder seasons (April to June and September to October), when the weather is mild, and tourist crowds are thinner. 

3. Currency: Italy uses the Euro (€) as its currency. Credit cards are widely accepted, but it's essential to carry some cash for smaller establishments, street vendors, or emergencies. 

4. Language: Italian is the official language. While many Romans speak English, learning basic Italian phrases can enhance your experience and show respect for the local culture. 

5. Transportation: Rome's public transportation system includes buses, trams, and the metro. Purchasing a Roma Pass or a BIT ticket provides access to unlimited travel within specified zones. 

6. Safety: Rome is generally safe, but, as in any major city, it's essential to remain vigilant and aware of your surroundings.",TRUE,https://www.youtube.com/embed/GyV_0prNVVc?si=oWURvRe4WzdA_Oko,2023-04-18T20:49:03.856Z,2024-03-24T05:45:15.533Z
Iconic New York City Highlights,"{'url':'37442a55b7c465f9ca3c38443d09e182cde8523c686e7a57ee01dce5b62cea09.jpg','size':508597,'width':1920,'height':1280,'filename':'luca-bravo-_QdFx92MO2U-unsplash (2).jpg'}","Experience the best of the Big Apple on this vacation focused on New York City's iconic attractions. Visit renowned landmarks such as the Statue of Liberty, Empire State Building, and Times Square. Explore Central Park's winding paths and lush landscapes, and immerse yourself in the city's history at the 9/11 Memorial and Museum. 

Discover world-class museums, including the Metropolitan Museum of Art, the Museum of Modern Art, and the American Museum of Natural History. Catch a dazzling Broadway show and savor diverse cuisine at the city's finest restaurants, making your NYC adventure truly unforgettable.","New York City, USA",2024-06-25,2024-06-30,"New York City, the bustling metropolis known as the ""City That Never Sleeps,"" offers a wealth of experiences for travelers. To ensure a smooth and unforgettable visit, keep these important travel details in mind:

1. Passport & Visa: Make sure your passport is valid for at least six months beyond your planned departure date. Visitors from many countries can enter the US for short stays (up to 90 days) under the Visa Waiver Program.

2. Best Time to Visit: New York City is a year-round destination, but the optimal time to visit is during the spring (April to June) and fall (September to November), when the weather is mild and the city's parks showcase their beautiful foliage. 

3. Currency: The currency used in the United States is the US Dollar (USD). Credit cards are widely accepted, but it's essential to carry some cash for smaller establishments, street vendors, or emergencies. 

4. Language: English is the primary language spoken in New York City. However, due to its diverse population, you'll also hear many other languages spoken throughout the city. 

5. Transportation: New York City boasts an extensive public transportation system, including subways, buses, and ferries. Purchasing a MetroCard provides access to unlimited travel within specified zones.

6. Safety: New York City is generally safe, but, as in any major city, it's essential to remain vigilant and aware of your surroundings. 
",TRUE,https://www.youtube.com/embed/0qtdheM1cGw?si=HjdBpXOA63A9CFrU,2023-04-18T20:49:03.846Z,2024-03-24T05:47:32.392Z
Cultural Immersion in New York City,"{'url':'02368930a8282e6b3f3e6dffc68c6996f86511b02d9362d5e255ac32360272a1.jpg','size':518286,'width':1920,'height':1280,'filename':'luca-bravo-TaCk3NspYe0-unsplash.jpg'}","Dive deep into New York City's rich cultural tapestry on this immersive vacation. Explore vibrant neighborhoods, such as Harlem, Chinatown, and Little Italy, each with its unique history and atmosphere. Visit the historic Apollo Theater, the Tenement Museum, and the Lower East Side's thriving art scene. Experience the city's diverse culinary offerings with food tours, cooking classes, and dining at ethnic eateries. 

Attend cultural events, concerts, or off-Broadway performances that showcase the city's artistic energy. Wander through iconic markets like Chelsea Market and sample the creativity of New York City's street food scene.","New York City, USA",2023-08-21,2023-08-25,"New York City, the bustling metropolis known as the ""City That Never Sleeps,"" offers a wealth of experiences for travelers. To ensure a smooth and unforgettable visit, keep these important travel details in mind:

1. Passport & Visa: Make sure your passport is valid for at least six months beyond your planned departure date. Visitors from many countries can enter the US for short stays (up to 90 days) under the Visa Waiver Program.

2. Best Time to Visit: New York City is a year-round destination, but the optimal time to visit is during the spring (April to June) and fall (September to November), when the weather is mild and the city's parks showcase their beautiful foliage. 

3. Currency: The currency used in the United States is the US Dollar (USD). Credit cards are widely accepted, but it's essential to carry some cash for smaller establishments, street vendors, or emergencies. 

4. Language: English is the primary language spoken in New York City. However, due to its diverse population, you'll also hear many other languages spoken throughout the city. 

5. Transportation: New York City boasts an extensive public transportation system, including subways, buses, and ferries. Purchasing a MetroCard provides access to unlimited travel within specified zones.

6. Safety: New York City is generally safe, but, as in any major city, it's essential to remain vigilant and aware of your surroundings. ",FALSE,https://www.youtube.com/embed/0qtdheM1cGw?si=HjdBpXOA63A9CFrU,2023-04-18T20:49:03.835Z,2024-03-24T05:47:50.873Z
Urban Exploration & Hidden Gems of New York City,"{'url':'4a03b384d8060c620c704b99f4345997d46fe2c2893728023b9adbc0b1cfb283.jpg','size':527225,'width':1920,'height':1280,'filename':'hin-bong-yeung-jF946mh5QrA-unsplash (1).jpg'}","Uncover the lesser-known treasures of New York City on this off-the-beaten-path vacation. Venture beyond Manhattan to explore vibrant neighborhoods such as Brooklyn's Williamsburg, Queens' Long Island City, and the Bronx's Arthur Avenue. Discover the city's unique green spaces, including the High Line, Brooklyn Botanic Garden, and the lesser-known Socrates Sculpture Park. 

Visit niche museums like the New York Transit Museum, the Museum of the Moving Image, and the quirky City Reliquary. Embark on a guided street art tour in Bushwick or hunt for vintage treasures at the Brooklyn Flea Market. Savor the diverse culinary scene at local food trucks, hidden speakeasies, and rooftop bars with stunning skyline views, experiencing a different side of New York City.","New York City, USA",2024-02-12,2024-02-16,"New York City, the bustling metropolis known as the ""City That Never Sleeps,"" offers a wealth of experiences for travelers. To ensure a smooth and unforgettable visit, keep these important travel details in mind:

1. Passport & Visa: Make sure your passport is valid for at least six months beyond your planned departure date. Visitors from many countries can enter the US for short stays (up to 90 days) under the Visa Waiver Program.

2. Best Time to Visit: New York City is a year-round destination, but the optimal time to visit is during the spring (April to June) and fall (September to November), when the weather is mild and the city's parks showcase their beautiful foliage. 

3. Currency: The currency used in the United States is the US Dollar (USD). Credit cards are widely accepted, but it's essential to carry some cash for smaller establishments, street vendors, or emergencies. 

4. Language: English is the primary language spoken in New York City. However, due to its diverse population, you'll also hear many other languages spoken throughout the city. 

5. Transportation: New York City boasts an extensive public transportation system, including subways, buses, and ferries. Purchasing a MetroCard provides access to unlimited travel within specified zones.

6. Safety: New York City is generally safe, but, as in any major city, it's essential to remain vigilant and aware of your surroundings. ",TRUE,https://www.youtube.com/embed/0qtdheM1cGw?si=HjdBpXOA63A9CFrU,2023-04-18T20:49:03.822Z,2024-03-24T05:48:17.702Z
Historical Immersion in Bangkok,"{'url':'3afe23fa2bbd5eac61f32411723b25af5ac49b08b5fb1f6006fddc1fe5a0fe31.jpg','size':746372,'width':1920,'height':1080,'filename':'miltiadis-fragkidis-uDDGsbYdk3k-unsplash.jpg'}","Immerse yourself in the rich culture and history of Bangkok on this enlightening vacation. Explore majestic temples such as the Grand Palace, Wat Pho, and Wat Arun, admiring their stunning architecture and sacred relics. Discover Bangkok's vibrant street life by wandering through bustling markets like Chatuchak Weekend Market and the colorful flower market, Pak Khlong Talat. 

Delve into the city's history at the Bangkok National Museum, Jim Thompson House, and the Erawan Museum. Complete your cultural journey with a traditional Thai puppet show or a mesmerizing performance of classical dance.","Bangkok, Thailand",2023-10-04,2023-10-18,"Bangkok, the vibrant and bustling capital of Thailand, is a captivating blend of modernity and tradition. To ensure a smooth and enjoyable trip, consider these important travel details:

1. Passport & Visa: Ensure your passport is valid for at least six months beyond your planned departure date. 

2. Best Time to Visit: Bangkok is a year-round destination, but the optimal time to visit is during the cool, dry season (November to February), when the weather is more comfortable. The hot season (March to May) is characterized by high temperatures and humidity, while the rainy season (June to October) brings heavy downpours and occasional flooding.

3. Currency: The currency used in Thailand is the Thai Baht (THB). Credit cards are accepted at major establishments, but it's essential to carry cash for smaller businesses, street vendors, or emergencies.

4. Language: Thai is the official language of Thailand. While English is spoken in tourist areas, learning a few basic Thai phrases can enhance your experience and demonstrate respect for the local culture. A simple ""Sawasdee"" (hello) or ""Khop khun"" (thank you) goes a long way.

5. Transportation: Bangkok's public transportation system includes the Skytrain (BTS), underground Metro (MRT), buses, and river ferries. Purchasing a stored-value Rabbit Card or single-journey tokens provides access to the BTS and MRT. 

6. Safety: Bangkok is generally safe, but, as in any major city, it's essential to remain vigilant and aware of your surroundings. 
",FALSE,https://www.youtube.com/embed/h8JXa3dz0_E?si=H_9Kg8glGLeCcOWe,2023-04-18T20:49:03.812Z,2024-03-24T05:51:38.113Z
Urban Oasis and Wellness Retreat in Bangkok,"{'url':'be80049618dd664a0c0cc017fdb80958c0c1d2fc4e9eefafeae3245c1ecf6848.jpg','size':520333,'width':1920,'height':1281,'filename':'benjamin-hershey-52ABjuV7nOM-unsplash.jpg'}","Escape the hustle and bustle of the city on this serene wellness retreat in Bangkok. Stay at a tranquil boutique hotel or a luxury riverside resort, where you can rejuvenate your body and mind with traditional Thai massages, spa treatments, and meditation sessions. Embrace Bangkok's green spaces by visiting lush parks such as Lumphini Park, Chatuchak Park, or the serene Benjakitti Park. 

Discover hidden gems like the Artist's House, a tranquil haven featuring traditional Thai architecture and puppet shows. Round off your wellness journey with a leisurely cruise along the Chao Phraya River, taking in the sights of Bangkok from a different perspective.","Bangkok, Thailand",2024-01-12,2024-01-27,"Bangkok, the vibrant and bustling capital of Thailand, is a captivating blend of modernity and tradition. To ensure a smooth and enjoyable trip, consider these important travel details:

1. Passport & Visa: Ensure your passport is valid for at least six months beyond your planned departure date. 

2. Best Time to Visit: Bangkok is a year-round destination, but the optimal time to visit is during the cool, dry season (November to February), when the weather is more comfortable. The hot season (March to May) is characterized by high temperatures and humidity, while the rainy season (June to October) brings heavy downpours and occasional flooding.

3. Currency: The currency used in Thailand is the Thai Baht (THB). Credit cards are accepted at major establishments, but it's essential to carry cash for smaller businesses, street vendors, or emergencies.

4. Language: Thai is the official language of Thailand. While English is spoken in tourist areas, learning a few basic Thai phrases can enhance your experience and demonstrate respect for the local culture. A simple ""Sawasdee"" (hello) or ""Khop khun"" (thank you) goes a long way.

5. Transportation: Bangkok's public transportation system includes the Skytrain (BTS), underground Metro (MRT), buses, and river ferries. Purchasing a stored-value Rabbit Card or single-journey tokens provides access to the BTS and MRT. 

6. Safety: Bangkok is generally safe, but, as in any major city, it's essential to remain vigilant and aware of your surroundings. ",FALSE,https://www.youtube.com/embed/h8JXa3dz0_E?si=H_9Kg8glGLeCcOWe,2023-04-18T20:49:03.803Z,2024-03-24T05:51:56.218Z
Bangkok's Culinary Adventure,"{'url':'ff2be8813a4f1dce1913002dfce5a4894e6a9d963776f9e8cdd07495d0fb0810.jpg','size':881014,'width':1920,'height':1440,'filename':'lisheng-chang-m9BBVrPl87M-unsplash.jpg'}","Embark on a gastronomic journey through the bustling streets of Bangkok, exploring the city's diverse culinary landscape. From sizzling street food stalls to Michelin-starred restaurants, indulge in authentic Thai cuisine, including iconic dishes like pad Thai, green curry, and mango sticky rice. Participate in a Thai cooking class, learning the secrets of fragrant spices and flavors from expert chefs. 

Experience a guided street food tour, sampling the best of Bangkok's culinary offerings, and unwind at a local rooftop bar, sipping cocktails as you take in panoramic city views.","Bangkok, Thailand",2024-04-17,2024-04-25,"Bangkok, the vibrant and bustling capital of Thailand, is a captivating blend of modernity and tradition. To ensure a smooth and enjoyable trip, consider these important travel details:

1. Passport & Visa: Ensure your passport is valid for at least six months beyond your planned departure date. 

2. Best Time to Visit: Bangkok is a year-round destination, but the optimal time to visit is during the cool, dry season (November to February), when the weather is more comfortable. The hot season (March to May) is characterized by high temperatures and humidity, while the rainy season (June to October) brings heavy downpours and occasional flooding.

3. Currency: The currency used in Thailand is the Thai Baht (THB). Credit cards are accepted at major establishments, but it's essential to carry cash for smaller businesses, street vendors, or emergencies.

4. Language: Thai is the official language of Thailand. While English is spoken in tourist areas, learning a few basic Thai phrases can enhance your experience and demonstrate respect for the local culture. A simple ""Sawasdee"" (hello) or ""Khop khun"" (thank you) goes a long way.

5. Transportation: Bangkok's public transportation system includes the Skytrain (BTS), underground Metro (MRT), buses, and river ferries. Purchasing a stored-value Rabbit Card or single-journey tokens provides access to the BTS and MRT. 

6. Safety: Bangkok is generally safe, but, as in any major city, it's essential to remain vigilant and aware of your surroundings. ",TRUE,https://www.youtube.com/embed/h8JXa3dz0_E?si=H_9Kg8glGLeCcOWe,2023-04-18T20:49:03.793Z,2024-03-24T05:52:09.967Z
Iconic London Landmarks and Royal Heritage,"{'url':'06a66f38102072528b866ca46731416ced4545118748a5d45152fe83d696f83c.jpg','size':593504,'width':1920,'height':1280,'filename':'charles-postiaux-Q6UehpkBSnQ-unsplash (1).jpg'}","Discover the best of London's iconic landmarks and rich royal heritage on this captivating vacation. Visit famous attractions such as Buckingham Palace, the Tower of London, and the Houses of Parliament. Marvel at the architectural splendor of Westminster Abbey, St. Paul's Cathedral, and the historic Tower Bridge. 

Experience the Changing of the Guard ceremony and explore royal parks, including Hyde Park and Kensington Gardens. Complete your London adventure with a ride on the London Eye, offering panoramic views of the city skyline, and a leisurely cruise along the River Thames.","London, England",2023-09-06,2023-09-10,"London, the historic and cosmopolitan capital of England, offers a wealth of cultural, architectural, and culinary experiences for travelers. To ensure a smooth and unforgettable visit, keep these important travel details in mind:

1. Passport & Visa: Ensure your passport is valid for at least six months beyond your planned departure date. Citizens of many countries can enter the UK for short stays (up to six months) without a visa, but it's essential to verify your country's specific requirements beforehand. 

2. Best Time to Visit: London is a year-round destination, but the optimal time to visit is during the spring (March to May) and fall (September to November), when the weather is mild and the city's parks showcase their beautiful foliage. Summer (June to August) is the peak season with larger crowds and higher temperatures, while winter (December to February) can be chilly and wet but offers festive holiday attractions and lower prices.

3. Currency: The currency used in the United Kingdom is the British Pound Sterling (GBP). Credit cards are widely accepted, but it's essential to carry some cash for smaller establishments, street vendors, or emergencies. ATMs are abundant throughout the city, but notify your bank of your travel plans to avoid issues with international transactions.

4. Language: English is the primary language spoken in London. However, due to its diverse population, you'll also hear many other languages spoken throughout the city. It's helpful to learn a few basic English phrases if you're not already fluent.

5. Safety: London is generally safe, but, as in any major city, it's essential to remain vigilant and aware of your surroundings. ",FALSE,https://www.youtube.com/embed/KGerjHMa90s?si=8mPXmdsnfNmM85nd,2023-04-18T20:49:03.782Z,2024-03-24T05:53:12.572Z
London's Cultural and Artistic Treasures,"{'url':'699fcb90aacfedca76b7d76969d41565ed927c86313fd09e1ba860ba78a8cdd5.jpg','size':222684,'width':1920,'height':1281,'filename':'isaw-company-Oqv_bQbZgS8-unsplash.jpg'}","Immerse yourself in the world of art, culture, and history on this inspiring London vacation. Explore world-class museums such as the British Museum, the Victoria and Albert Museum, and the Tate Modern, showcasing vast collections of artifacts, art, and design. Delve into the city's literary history with visits to the Charles Dickens Museum and the Sherlock Holmes Museum, and enjoy the performing arts at West End theaters or the Royal Opera House. 

Discover hidden gems like the Sir John Soane's Museum and the street art of Shoreditch, and be sure to experience the vibrant markets of Camden, Portobello Road, and Borough.","London, England",2023-12-28,2024-01-08,"London, the historic and cosmopolitan capital of England, offers a wealth of cultural, architectural, and culinary experiences for travelers. To ensure a smooth and unforgettable visit, keep these important travel details in mind:

1. Passport & Visa: Ensure your passport is valid for at least six months beyond your planned departure date. Citizens of many countries can enter the UK for short stays (up to six months) without a visa, but it's essential to verify your country's specific requirements beforehand. 

2. Best Time to Visit: London is a year-round destination, but the optimal time to visit is during the spring (March to May) and fall (September to November), when the weather is mild and the city's parks showcase their beautiful foliage. Summer (June to August) is the peak season with larger crowds and higher temperatures, while winter (December to February) can be chilly and wet but offers festive holiday attractions and lower prices.

3. Currency: The currency used in the United Kingdom is the British Pound Sterling (GBP). Credit cards are widely accepted, but it's essential to carry some cash for smaller establishments, street vendors, or emergencies. ATMs are abundant throughout the city, but notify your bank of your travel plans to avoid issues with international transactions.

4. Language: English is the primary language spoken in London. However, due to its diverse population, you'll also hear many other languages spoken throughout the city. It's helpful to learn a few basic English phrases if you're not already fluent.

5. Safety: London is generally safe, but, as in any major city, it's essential to remain vigilant and aware of your surroundings. 
",FALSE,https://www.youtube.com/embed/KGerjHMa90s?si=8mPXmdsnfNmM85nd,2023-04-18T20:49:03.771Z,2024-03-24T05:53:25.744Z
Multicultural London and Off-the-Beaten-Path Exploration,"{'url':'76e63dc2d261b6ebd5fe9ac20ed94455c9c8f1a8cfd600ba3887906976ea19f8.jpg','size':925494,'width':1920,'height':1280,'filename':'bruno-martins-DrhYt-kAe9s-unsplash.jpg'}","Experience the vibrant multicultural tapestry of London on this off-the-beaten-path vacation. Venture beyond the city center to explore diverse neighborhoods such as Brixton, Brick Lane, and Notting Hill, each with its unique atmosphere and cultural influences. Discover London's thriving food scene, from trendy gastropubs to ethnic eateries, and sample diverse culinary offerings at local food markets like Borough Market and Maltby Street Market. 

Attend cultural events or performances showcasing the city's rich artistic heritage, and explore lesser-known attractions like the quirky Hunterian Museum, the Horniman Museum and Gardens, or the stunning Leighton House Museum. Complete your London journey with a leisurely walk along the scenic Regent's Canal or a visit to the tranquil Kew Gardens for a refreshing escape from the urban bustle.","London, England",2024-02-26,2024-03-02,"London, the historic and cosmopolitan capital of England, offers a wealth of cultural, architectural, and culinary experiences for travelers. To ensure a smooth and unforgettable visit, keep these important travel details in mind:

1. Passport & Visa: Ensure your passport is valid for at least six months beyond your planned departure date. Citizens of many countries can enter the UK for short stays (up to six months) without a visa, but it's essential to verify your country's specific requirements beforehand. 

2. Best Time to Visit: London is a year-round destination, but the optimal time to visit is during the spring (March to May) and fall (September to November), when the weather is mild and the city's parks showcase their beautiful foliage. Summer (June to August) is the peak season with larger crowds and higher temperatures, while winter (December to February) can be chilly and wet but offers festive holiday attractions and lower prices.

3. Currency: The currency used in the United Kingdom is the British Pound Sterling (GBP). Credit cards are widely accepted, but it's essential to carry some cash for smaller establishments, street vendors, or emergencies. ATMs are abundant throughout the city, but notify your bank of your travel plans to avoid issues with international transactions.

4. Language: English is the primary language spoken in London. However, due to its diverse population, you'll also hear many other languages spoken throughout the city. It's helpful to learn a few basic English phrases if you're not already fluent.

5. Safety: London is generally safe, but, as in any major city, it's essential to remain vigilant and aware of your surroundings. 
",TRUE,https://www.youtube.com/embed/KGerjHMa90s?si=8mPXmdsnfNmM85nd,2023-04-18T20:49:03.761Z,2024-03-24T05:53:37.680Z
Seoul's Historic Journey and Cultural Immersion,"{'url':'89159a57daf2c9c1a9355c3c9f6559c8ca7d68d5ca55bcacd0db554cb7651b1d.jpg','size':619934,'width':1920,'height':1029,'filename':'bundo-kim-p_D5pbQG5TE-unsplash (1).jpg'}","Step back in time and experience the rich history and culture of Seoul on this captivating vacation. Visit ancient royal palaces such as Gyeongbokgung and Changdeokgung, and explore the picturesque traditional village of Bukchon Hanok. Uncover the city's past at the National Museum of Korea and the War Memorial of Korea, and wander through the bustling streets of Insadong, a hub of traditional crafts and teahouses. 

Attend a traditional Korean performance at the Korea House, and complete your cultural journey with a visit to the serene Jogyesa Temple or the tranquil Bongeunsa Temple.","Seoul, South Korea",2023-10-30,2023-11-04,"Seoul, the dynamic capital of South Korea, offers a fascinating blend of ancient traditions and cutting-edge technology. To ensure a smooth and unforgettable visit, keep these important travel details in mind:

1. Passport & Visa: Make sure your passport is valid for at least six months beyond your planned departure date. Citizens of many countries can enter South Korea visa-free for short stays (up to 90 days), but it's crucial to verify your country's specific requirements beforehand. 

2. Best Time to Visit: Seoul is a year-round destination, but the optimal time to visit is during the spring (April to June) and fall (September to November), when the weather is mild and the city's parks showcase their beautiful foliage. Summer can be hot and humid with a rainy season called ""jangma"" typically occurring from late June to late July, while winter (December to February) can be cold and snowy but offers festive holiday attractions and lower prices.

3. Currency: The currency used in South Korea is the South Korean Won (KRW). Credit cards are widely accepted, but it's essential to carry some cash for smaller establishments, street vendors, or emergencies. 

4. Language: Korean is the official language of South Korea. While English is spoken in tourist areas, learning a few basic Korean phrases can enhance your experience and demonstrate respect for the local culture. A simple ""Annyeonghaseyo"" (hello) or ""Gamsahamnida"" (thank you) goes a long way.

5. Transportation: Seoul boasts an extensive public transportation system, including subways, buses, and taxis. Purchasing a rechargeable T-Money Card provides access to unlimited travel on subways, buses, and even some taxis. 

6. Safety: Seoul is generally safe, but, as in any major city, it's essential to remain vigilant and aware of your surroundings. 
",FALSE,https://www.youtube.com/embed/KGerjHMa90s?si=8mPXmdsnfNmM85nd,2023-04-18T20:49:03.749Z,2024-03-24T05:55:19.455Z
Seoul's Culinary Adventure and Vibrant Nightlife,"{'url':'73e5fa8e53036d2716455555c33f77e3a4e56b47233f1b8235a4fbfd84f25cc5.jpg','size':784272,'width':1920,'height':1280,'filename':'yu-kato-LDUtjL4jaB8-unsplash.jpg'}","Embark on a gastronomic journey through the bustling streets of Seoul, exploring the city's diverse culinary landscape. Sample authentic Korean cuisine, including iconic dishes like kimchi, bibimbap, and Korean BBQ, in popular food districts such as Myeongdong, Itaewon, and Hongdae. Participate in a Korean cooking class, learning the secrets of flavorful spices and traditional techniques from expert chefs. 

Experience Seoul's vibrant nightlife at lively bars, clubs, and karaoke rooms (noraebang), and don't miss the chance to try street food at the bustling Gwangjang Market or the popular night markets along the Han River.","Seoul, South Korea",2024-05-27,2024-06-01,"Seoul, the dynamic capital of South Korea, offers a fascinating blend of ancient traditions and cutting-edge technology. To ensure a smooth and unforgettable visit, keep these important travel details in mind:

1. Passport & Visa: Make sure your passport is valid for at least six months beyond your planned departure date. Citizens of many countries can enter South Korea visa-free for short stays (up to 90 days), but it's crucial to verify your country's specific requirements beforehand. 

2. Best Time to Visit: Seoul is a year-round destination, but the optimal time to visit is during the spring (April to June) and fall (September to November), when the weather is mild and the city's parks showcase their beautiful foliage. Summer can be hot and humid with a rainy season called ""jangma"" typically occurring from late June to late July, while winter (December to February) can be cold and snowy but offers festive holiday attractions and lower prices.

3. Currency: The currency used in South Korea is the South Korean Won (KRW). Credit cards are widely accepted, but it's essential to carry some cash for smaller establishments, street vendors, or emergencies. 

4. Language: Korean is the official language of South Korea. While English is spoken in tourist areas, learning a few basic Korean phrases can enhance your experience and demonstrate respect for the local culture. A simple ""Annyeonghaseyo"" (hello) or ""Gamsahamnida"" (thank you) goes a long way.

5. Transportation: Seoul boasts an extensive public transportation system, including subways, buses, and taxis. Purchasing a rechargeable T-Money Card provides access to unlimited travel on subways, buses, and even some taxis. 

6. Safety: Seoul is generally safe, but, as in any major city, it's essential to remain vigilant and aware of your surroundings. 
",TRUE,https://www.youtube.com/embed/KGerjHMa90s?si=8mPXmdsnfNmM85nd,2023-04-18T20:49:03.738Z,2024-03-24T05:55:32.498Z
Urban Exploration and Shopping Extravaganza in Seoul,"{'url':'124fc13eae1c9ca01f75a025f309b6a3448c1acb8d9fb437a8fa63e26177ffa2.jpg','size':631637,'width':1920,'height':1280,'filename':'markus-winkler-YmawptEadgc-unsplash.jpg'}","Discover the diverse neighborhoods and shopping experiences that make Seoul an urban explorer's paradise. From high-end fashion in Gangnam to trendy boutiques in Hongdae, shop till you drop at the city's famous shopping districts, including Myeongdong, Dongdaemun, and Garosugil. Explore the electronics and gaming mecca of Yongsan, or hunt for unique souvenirs at the sprawling Namdaemun Market. 

Take a break from shopping with a leisurely stroll along the Cheonggyecheon Stream or a visit to the tranquil Namsan Park, and soak in panoramic views of the city from the iconic N Seoul Tower.","Seoul, South Korea",2024-03-11,2024-03-21,"Seoul, the dynamic capital of South Korea, offers a fascinating blend of ancient traditions and cutting-edge technology. To ensure a smooth and unforgettable visit, keep these important travel details in mind:

1. Passport & Visa: Make sure your passport is valid for at least six months beyond your planned departure date. Citizens of many countries can enter South Korea visa-free for short stays (up to 90 days), but it's crucial to verify your country's specific requirements beforehand. 

2. Best Time to Visit: Seoul is a year-round destination, but the optimal time to visit is during the spring (April to June) and fall (September to November), when the weather is mild and the city's parks showcase their beautiful foliage. Summer can be hot and humid with a rainy season called ""jangma"" typically occurring from late June to late July, while winter (December to February) can be cold and snowy but offers festive holiday attractions and lower prices.

3. Currency: The currency used in South Korea is the South Korean Won (KRW). Credit cards are widely accepted, but it's essential to carry some cash for smaller establishments, street vendors, or emergencies. 

4. Language: Korean is the official language of South Korea. While English is spoken in tourist areas, learning a few basic Korean phrases can enhance your experience and demonstrate respect for the local culture. A simple ""Annyeonghaseyo"" (hello) or ""Gamsahamnida"" (thank you) goes a long way.

5. Transportation: Seoul boasts an extensive public transportation system, including subways, buses, and taxis. Purchasing a rechargeable T-Money Card provides access to unlimited travel on subways, buses, and even some taxis. 

6. Safety: Seoul is generally safe, but, as in any major city, it's essential to remain vigilant and aware of your surroundings. 
",FALSE,https://www.youtube.com/embed/KGerjHMa90s?si=8mPXmdsnfNmM85nd,2023-04-18T20:49:03.727Z,2024-03-24T05:55:45.267Z
Ancient Wonders and Historical Treasures of Crete,"{'url':'98b1f5d28ff21efb3f9a503569bbfa7859952c0f565e074a63aa3d8e7ce6a4de.jpg','size':595249,'width':1920,'height':1280,'filename':'leonard-von-bibra-1slQTIqgvUY-unsplash.jpg'}","Unearth the rich history and ancient wonders of Crete on this captivating vacation. Visit the iconic Minoan Palace of Knossos and the lesser-known Palace of Phaistos, marveling at the architectural ingenuity and artistic treasures of these Bronze Age sites. Explore the ancient cities of Aptera and Gortyn, and discover the fascinating Archaeological Museum of Heraklion, showcasing Crete's storied past. 

Wander through the picturesque old towns of Chania and Rethymno, characterized by their Venetian and Ottoman influences, and complete your historical journey with a visit to the island's impressive fortresses, such as the Venetian Fortezza in Rethymno and the Frangokastello Fortress.","Crete, Greece",2023-10-09,2023-10-20,"Crete, the largest and most diverse island in Greece, offers a stunning blend of captivating landscapes, ancient history, and vibrant culture. To ensure a smooth and unforgettable visit, keep these important travel details in mind:

1. Passport & Visa: Make sure your passport is valid for at least six months beyond your planned departure date. Citizens of many countries can enter Greece visa-free for short stays (up to 90 days within a 180-day period), but it's crucial to verify your country's specific requirements beforehand. 

2. Best Time to Visit: The optimal time to visit Crete is during the spring (April to June) and fall (September to October), when the weather is mild and the island is less crowded.
 
3. Currency: The currency used in Greece is the Euro (EUR). Credit cards are widely accepted, but it's essential to carry some cash for smaller establishments, street vendors, or emergencies.

4. Language: Greek is the official language of Crete. While English is spoken in tourist areas, learning a few basic Greek phrases can enhance your experience and demonstrate respect for the local culture. A simple ""Kaliméra"" (good morning) or ""Efharistó"" (thank you) goes a long way.

5. Transportation: Crete has an extensive network of public buses called KTEL, connecting major towns and cities. However, renting a car is the most convenient way to explore the island at your own pace and access remote sites. 

6. Safety: Crete is generally safe, but, as in any tourist destination, it's essential to remain vigilant and aware of your surroundings.
",FALSE,https://www.youtube.com/embed/jqq_ZdD5Zwg?si=LX254DMF68Pa5WZj,2023-04-18T20:49:03.714Z,2024-03-24T05:56:34.531Z
Crete's Natural Wonders and Outdoor Adventures,"{'url':'07c89a1cf3661fe2cfc86e9426f692cdcd3994729239ac26525d6f106058b93a.jpg','size':242903,'width':1920,'height':1280,'filename':'orva-studio-YC8qqp50BdA-unsplash (1).jpg'}","Immerse yourself in Crete's breathtaking landscapes and outdoor adventures on this thrilling vacation. Hike the majestic Samaria Gorge, Europe's longest gorge, or explore the lesser-known Imbros Gorge, both offering stunning natural beauty and unique flora and fauna. Visit the mesmerizing Elafonisi Beach, renowned for its pink sand and crystal-clear waters, or venture to the secluded Balos Lagoon, accessible by boat or a challenging hike. 

Explore the diverse ecosystems of the island's mountain ranges, such as the White Mountains and Mount Ida, and dive into Crete's underwater world with snorkeling or scuba diving excursions along its pristine coastline.","Crete, Greece",2024-06-24,2024-07-05,"Crete, the largest and most diverse island in Greece, offers a stunning blend of captivating landscapes, ancient history, and vibrant culture. To ensure a smooth and unforgettable visit, keep these important travel details in mind:

1. Passport & Visa: Make sure your passport is valid for at least six months beyond your planned departure date. Citizens of many countries can enter Greece visa-free for short stays (up to 90 days within a 180-day period), but it's crucial to verify your country's specific requirements beforehand. 

2. Best Time to Visit: The optimal time to visit Crete is during the spring (April to June) and fall (September to October), when the weather is mild and the island is less crowded.
 
3. Currency: The currency used in Greece is the Euro (EUR). Credit cards are widely accepted, but it's essential to carry some cash for smaller establishments, street vendors, or emergencies.

4. Language: Greek is the official language of Crete. While English is spoken in tourist areas, learning a few basic Greek phrases can enhance your experience and demonstrate respect for the local culture. A simple ""Kaliméra"" (good morning) or ""Efharistó"" (thank you) goes a long way.

5. Transportation: Crete has an extensive network of public buses called KTEL, connecting major towns and cities. However, renting a car is the most convenient way to explore the island at your own pace and access remote sites. 

6. Safety: Crete is generally safe, but, as in any tourist destination, it's essential to remain vigilant and aware of your surroundings.",TRUE,https://www.youtube.com/embed/jqq_ZdD5Zwg?si=LX254DMF68Pa5WZj,2023-04-18T20:49:03.703Z,2024-03-24T05:56:46.253Z
Cretan Culinary and Cultural Immersion,"{'url':'9b3f2a0ff235e91d95226d7ff13550daad395b58fa1bd2cc9bf257f8c7366ab7.jpg','size':334345,'width':1920,'height':1280,'filename':'tabea-schimpf-aT6Sq3-Iqb0-unsplash.jpg'}","Savor the flavors of Crete and experience its rich cultural tapestry on this immersive vacation. Participate in a traditional Cretan cooking class, learning the secrets of the island's renowned Mediterranean cuisine and sampling local specialties such as dakos, kalitsounia, and bougatsa. Visit local wineries and olive oil producers to uncover the island's centuries-old agricultural traditions and enjoy tastings of fine Cretan wines and extra virgin olive oil. 

Explore traditional Cretan villages, such as Archanes, Vamos, and Anogia, soaking up the authentic atmosphere and warm hospitality of the locals. Attend cultural events and festivals celebrating Cretan music, dance, and customs, and complete your cultural journey with a visit to the island's fascinating folk museums and art galleries.","Crete, Greece",2024-02-13,2024-02-23,"Crete, the largest and most diverse island in Greece, offers a stunning blend of captivating landscapes, ancient history, and vibrant culture. To ensure a smooth and unforgettable visit, keep these important travel details in mind:

1. Passport & Visa: Make sure your passport is valid for at least six months beyond your planned departure date. Citizens of many countries can enter Greece visa-free for short stays (up to 90 days within a 180-day period), but it's crucial to verify your country's specific requirements beforehand. 

2. Best Time to Visit: The optimal time to visit Crete is during the spring (April to June) and fall (September to October), when the weather is mild and the island is less crowded.
 
3. Currency: The currency used in Greece is the Euro (EUR). Credit cards are widely accepted, but it's essential to carry some cash for smaller establishments, street vendors, or emergencies.

4. Language: Greek is the official language of Crete. While English is spoken in tourist areas, learning a few basic Greek phrases can enhance your experience and demonstrate respect for the local culture. A simple ""Kaliméra"" (good morning) or ""Efharistó"" (thank you) goes a long way.

5. Transportation: Crete has an extensive network of public buses called KTEL, connecting major towns and cities. However, renting a car is the most convenient way to explore the island at your own pace and access remote sites. 

6. Safety: Crete is generally safe, but, as in any tourist destination, it's essential to remain vigilant and aware of your surroundings.",FALSE,https://www.youtube.com/embed/jqq_ZdD5Zwg?si=LX254DMF68Pa5WZj,2023-04-18T20:49:03.691Z,2024-03-24T05:57:08.127Z
